Fellow,Github,PurchaseProof,Github(Project)_count,Linkedin_count,Blog_count,X_count,Workshop_count,Other_count,Total_Points,Threshold_250
Aaditya Goswami,@aadii02,NO,0,0,0,0,0,0,0,BELOW
Abhishek Jain,@abhishek261007,NO,0,0,0,0,0,0,0,BELOW
Adeep AG,@adeep13,NO,0,0,0,0,0,0,0,BELOW
Aditya Nukala,@adikp98,NO,0,0,0,0,0,0,0,BELOW
Aditya Reddy,@aditya-1020,NO,0,0,0,0,0,0,0,BELOW
Amaan Pathan,@amaan9737,NO,0,0,0,0,0,0,0,BELOW
Amrutha M,@amrutham-24,NO,0,0,0,0,0,0,0,BELOW
Anandu Rajan,@anandurajan1209,NO,0,0,0,0,0,0,0,BELOW
Ankit raj,@ankitra-j,NO,0,0,0,0,0,0,0,BELOW
ANNESTIO PIETY CASTANHA,@apcetc,YES,0,0,0,0,0,0,0,BELOW
Anusheel Singh,@anusheelsingh12,NO,0,0,0,0,0,0,0,BELOW
Arafat Babar,@arafatbabar,NO,0,0,0,0,0,0,0,BELOW
Arijit Ghosh,@ari-jit,NO,0,0,0,0,0,0,0,BELOW
Arjun A,@arjnchrn,NO,0,0,0,0,0,0,0,BELOW
Arush Dwivedi,@arushdwivedi11,NO,0,0,0,0,0,0,0,BELOW
Ashish Kumar Pal,@jipal5212-wq,NO,0,0,0,0,0,0,0,BELOW
CHERALA ROHAN,@therohancherala,NO,0,0,0,0,0,0,0,BELOW
Gantla Venkata Sravan,@sravangantla007,YES,0,0,0,0,0,0,0,BELOW
Hardik Kumar Sinha,@hksinha510,NO,0,0,0,0,0,0,0,BELOW
Harshit Kumar Sharma,@harshit2387,YES,0,0,0,0,0,0,0,BELOW
hruday duppalapudi,@hruday-inventory-03,NO,0,0,0,0,0,0,0,BELOW
JANAPAATI ROHITH,@janapaatirohith,NO,0,0,0,0,0,0,0,BELOW
JARIWALA ANIKET AJAYKUMAR,@aniketjariwala28,NO,0,0,0,0,0,0,0,BELOW
KAWINKUMAR P,@kawinkumar-p,NO,0,0,0,0,0,0,0,BELOW
Kidiyoor Shreeharsha Bhatt,@kshreeh007,NO,0,0,0,0,0,0,0,BELOW
Kondeti Veena Vatsav Jagadeeswar,@cherryyyspiralz,NO,0,0,0,0,0,0,0,BELOW
Lakshaya Team Jatyu,@team-jatayu,NO,0,0,0,0,0,0,0,BELOW
Lakshy Choudhary,@git-lakshy,NO,0,0,0,0,0,0,0,BELOW
Lakshya chawla,@lakshy1980,NO,0,0,0,0,0,0,0,BELOW
Leo Ignatius,@leoignatius85,NO,0,0,0,0,0,0,0,BELOW
M Thirugnanaa Sambandam,@luciferlpmt,NO,0,0,0,0,0,0,0,BELOW
M.R.KIRUTHICK,@kiruthick12,NO,0,0,0,0,0,0,0,BELOW
MAJJI BHANU PRAKASH,@bhanumajji,NO,0,0,0,0,0,0,0,BELOW
MOHIT KUMAR THAKUR,@mohitthakur2007,NO,0,0,0,0,0,0,0,BELOW
Nathan Mathews,@deagle2,YES,0,0,0,0,0,0,0,BELOW
Nishant Sanjay Basmatkar,@nishant6540,NO,0,0,0,0,0,0,0,BELOW
Pradyumna Dalmia,@aurtikent,NO,0,0,0,0,0,0,0,BELOW
Pranav Dhole,@meowchao,NO,0,0,0,0,0,0,0,BELOW
Praveen Kumar,@praveen-tek,NO,0,0,0,0,0,0,0,BELOW
Pritika Gatike,@pritikagatike,NO,0,0,0,0,0,0,0,BELOW
Pruthvi M,@pruthviagi,NO,0,0,0,0,0,0,0,BELOW
Punya Malaiya Jain,@punyajain-cmd,NO,0,0,0,0,0,0,0,BELOW
Revand Pradeep,@revx5,YES,0,0,0,0,0,0,0,BELOW
Rudra Das,@dengrao,YES,0,0,0,0,0,0,0,BELOW
Rujul Rajeev Rumale,@rujul-rumale,NO,0,0,0,0,0,0,0,BELOW
S Vaishnavi,@vaishnavis1603-blip,NO,0,0,0,0,0,0,0,BELOW
Sachidananda Mallick,@sachin1724,NO,0,0,0,0,0,0,0,BELOW
Saksham Sud,@geneticscrol,YES,0,0,0,0,0,0,0,BELOW
Shashikant,@shashikant70086,NO,0,0,0,0,0,0,0,BELOW
Shreya Jaiswal,@shreya05-j,NO,0,0,0,0,0,0,0,BELOW
Shreya Veni,@concatenate-this,YES,0,0,0,0,0,0,0,BELOW
Smit Savani,@smit-45,NO,0,0,0,0,0,0,0,BELOW
Sumit Maheshwari,@roboticist-blip,YES,0,0,0,0,0,0,0,BELOW
Utkarsh Verma,@sigma-verma,NO,0,0,0,0,0,0,0,BELOW
Vaibhav Santosh Tiwari,@orignalbox,YES,0,0,0,0,0,0,0,BELOW
Veer Kishan Whabi,@veeru24ec006,NO,0,0,0,0,0,0,0,BELOW
Yagna Khokhariya,@yagnardk,NO,0,0,0,0,0,0,0,BELOW
Yash Sharda,@yashsharda2,NO,0,0,0,0,0,0,0,BELOW
Yashvi Doshi,@yashvidoshi,NO,0,0,0,0,0,0,0,BELOW
yatharth vishwa,@yatharthvishwa,YES,0,0,0,0,0,0,0,BELOW
